"Status","Start Time","Stop Time","Duration in ms","Parent Suite","Suite","Sub Suite","Test Class","Test Method","Name","Description"
"passed","Tue Oct 06 13:12:58 UTC 2026","Tue Oct 06 13:13:05 UTC 2026","6962","tests","test_tc09_search_product","","","","TC09 - Search Product",""
"passed","Tue Oct 06 13:12:44 UTC 2026","Tue Oct 06 13:13:04 UTC 2026","20565","tests","test_tc24_download_invoice_after_order","","","","TC24 - Download Invoice after purchase order",""
"passed","Tue Oct 06 13:13:01 UTC 2026","Tue Oct 06 13:13:24 UTC 2026","23767","tests","test_tc23_verify_address_details_checkout","","","","TC23 - Verify address details in checkout page",""
"passed","Tue Oct 06 13:12:02 UTC 2026","Tue Oct 06 13:12:18 UTC 2026","15440","tests","test_tc02_login_correct_credentials","","","","TC02 - Login User with correct email and password",""
"broken","Tue Oct 06 13:11:44 UTC 2026","Tue Oct 06 13:12:19 UTC 2026","35471","tests","test_tc05_register_existing_email","","","","TC05 - Register User with existing email",""
"passed","Tue Oct 06 13:12:02 UTC 2026","Tue Oct 06 13:12:13 UTC 2026","10918","tests","test_tc06_contact_us_form","","","","TC06 - Contact Us Form",""
"passed","Tue Oct 06 13:13:05 UTC 2026","Tue Oct 06 13:13:29 UTC 2026","24568","tests","test_tc20_search_and_verify_cart_after_login","","","","TC20 - Search Products and Verify Cart After Login",""
"passed","Tue Oct 06 13:12:26 UTC 2026","Tue Oct 06 13:12:34 UTC 2026","8263","tests","test_tc19_view_brand_products","","","","TC19 - View & Cart Brand Products",""
"passed","Tue Oct 06 13:11:57 UTC 2026","Tue Oct 06 13:12:04 UTC 2026","7066","tests","test_tc12_add_products_in_cart","","","","TC12 - Add Products in Cart",""
"passed","Tue Oct 06 13:12:00 UTC 2026","Tue Oct 06 13:12:17 UTC 2026","17283","tests","test_tc14_place_order_register_while_checkout","","","","TC14 - Place Order: Register while Checkout",""
"passed","Tue Oct 06 13:12:25 UTC 2026","Tue Oct 06 13:12:43 UTC 2026","17779","tests","test_tc04_logout_user","","","","TC04 - Logout User",""
"passed","Tue Oct 06 13:12:22 UTC 2026","Tue Oct 06 13:12:41 UTC 2026","19340","tests","test_tc04_logout_user","","","","TC04 - Logout User",""
"passed","Tue Oct 06 13:13:15 UTC 2026","Tue Oct 06 13:13:29 UTC 2026","14184","tests","test_tc26_scroll_up_without_arrow_button","","","","TC26 - Verify Scroll Up without 'Arrow' button and Scroll Down functionality",""
"passed","Tue Oct 06 13:12:29 UTC 2026","Tue Oct 06 13:12:49 UTC 2026","19824","tests","test_tc20_search_and_verify_cart_after_login","","","","TC20 - Search Products and Verify Cart After Login",""
"passed","Tue Oct 06 13:11:53 UTC 2026","Tue Oct 06 13:12:02 UTC 2026","8757","tests","test_tc01_register_user","","","","TC01 - Register User",""
"passed","Tue Oct 06 13:12:56 UTC 2026","Tue Oct 06 13:13:13 UTC 2026","16727","tests","test_tc24_download_invoice_after_order","","","","TC24 - Download Invoice after purchase order",""
"passed","Tue Oct 06 13:12:51 UTC 2026","Tue Oct 06 13:13:01 UTC 2026","10053","tests","test_tc26_scroll_up_without_arrow_button","","","","TC26 - Verify Scroll Up without 'Arrow' button and Scroll Down functionality",""
"passed","Tue Oct 06 13:12:41 UTC 2026","Tue Oct 06 13:12:49 UTC 2026","8228","tests","test_tc19_view_brand_products","","","","TC19 - View & Cart Brand Products",""
"passed","Tue Oct 06 13:12:20 UTC 2026","Tue Oct 06 13:12:26 UTC 2026","6462","tests","test_tc06_contact_us_form","","","","TC06 - Contact Us Form",""
"passed","Tue Oct 06 13:11:38 UTC 2026","Tue Oct 06 13:11:42 UTC 2026","4764","tests","test_tc03_login_incorrect_credentials","","","","TC03 - Login User with incorrect email and password",""
"passed","Tue Oct 06 13:12:04 UTC 2026","Tue Oct 06 13:12:21 UTC 2026","16312","tests","test_tc15_place_order_register_before_checkout","","","","TC15 - Place Order: Register before Checkout",""
"passed","Tue Oct 06 13:11:35 UTC 2026","Tue Oct 06 13:11:43 UTC 2026","7470","tests","test_tc07_test_cases_page","","","","TC07 - Verify Test Cases Page",""
"passed","Tue Oct 06 13:12:23 UTC 2026","Tue Oct 06 13:12:29 UTC 2026","5879","tests","test_tc18_view_category_products","","","","TC18 - View Category Products",""
"passed","Tue Oct 06 13:12:15 UTC 2026","Tue Oct 06 13:12:29 UTC 2026","14524","tests","test_tc10_subscription_home_page","","","","TC10 - Verify Subscription in home page",""
"passed","Tue Oct 06 13:11:53 UTC 2026","Tue Oct 06 13:11:57 UTC 2026","3671","tests","test_tc11_subscription_cart_page","","","","TC11 - Verify Subscription in Cart page",""
"passed","Tue Oct 06 13:12:12 UTC 2026","Tue Oct 06 13:12:34 UTC 2026","21578","tests","test_tc12_add_products_in_cart","","","","TC12 - Add Products in Cart",""
"passed","Tue Oct 06 13:12:41 UTC 2026","Tue Oct 06 13:12:48 UTC 2026","6754","tests","test_tc18_view_category_products","","","","TC18 - View Category Products",""
"passed","Tue Oct 06 13:12:27 UTC 2026","Tue Oct 06 13:12:57 UTC 2026","29500","tests","test_tc15_place_order_register_before_checkout","","","","TC15 - Place Order: Register before Checkout",""
"passed","Tue Oct 06 13:12:48 UTC 2026","Tue Oct 06 13:12:58 UTC 2026","10490","tests","test_tc25_scroll_up_with_arrow_button","","","","TC25 - Verify Scroll Up using 'Arrow' button and Scroll Down functionality",""
"passed","Tue Oct 06 13:12:17 UTC 2026","Tue Oct 06 13:12:41 UTC 2026","23537","tests","test_tc16_place_order_login_before_checkout","","","","TC16 - Place Order: Login before Checkout",""
"passed","Tue Oct 06 13:11:44 UTC 2026","Tue Oct 06 13:12:14 UTC 2026","30115","tests","test_tc04_logout_user","","","","TC04 - Logout User",""
"passed","Tue Oct 06 13:11:27 UTC 2026","Tue Oct 06 13:11:40 UTC 2026","12431","tests","test_tc01_register_user","","","","TC01 - Register User",""
"passed","Tue Oct 06 13:12:14 UTC 2026","Tue Oct 06 13:12:27 UTC 2026","13164","tests","test_tc13_product_quantity_in_cart","","","","TC13 - Verify Product quantity in Cart",""
"passed","Tue Oct 06 13:11:48 UTC 2026","Tue Oct 06 13:11:58 UTC 2026","10266","tests","test_tc12_add_products_in_cart","","","","TC12 - Add Products in Cart",""
"passed","Tue Oct 06 13:12:50 UTC 2026","Tue Oct 06 13:13:00 UTC 2026","10421","tests","test_tc22_add_to_cart_from_recommended","","","","TC22 - Add to cart from Recommended items",""
"passed","Tue Oct 06 13:12:40 UTC 2026","Tue Oct 06 13:12:49 UTC 2026","9823","tests","test_tc18_view_category_products","","","","TC18 - View Category Products",""
"passed","Tue Oct 06 13:11:40 UTC 2026","Tue Oct 06 13:11:48 UTC 2026","7536","tests","test_tc09_search_product","","","","TC09 - Search Product",""
"passed","Tue Oct 06 13:13:04 UTC 2026","Tue Oct 06 13:13:15 UTC 2026","10905","tests","test_tc21_add_review_on_product","","","","TC21 - Add review on product",""
"passed","Tue Oct 06 13:11:35 UTC 2026","Tue Oct 06 13:12:02 UTC 2026","26703","tests","test_tc05_register_existing_email","","","","TC05 - Register User with existing email",""
"passed","Tue Oct 06 13:12:34 UTC 2026","Tue Oct 06 13:13:04 UTC 2026","29475","tests","test_tc14_place_order_register_while_checkout","","","","TC14 - Place Order: Register while Checkout",""
"passed","Tue Oct 06 13:13:09 UTC 2026","Tue Oct 06 13:13:39 UTC 2026","30076","tests","test_tc24_download_invoice_after_order","","","","TC24 - Download Invoice after purchase order",""
"passed","Tue Oct 06 13:11:55 UTC 2026","Tue Oct 06 13:12:00 UTC 2026","4206","tests","test_tc11_subscription_cart_page","","","","TC11 - Verify Subscription in Cart page",""
"passed","Tue Oct 06 13:12:35 UTC 2026","Tue Oct 06 13:12:43 UTC 2026","8458","tests","test_tc22_add_to_cart_from_recommended","","","","TC22 - Add to cart from Recommended items",""
"passed","Tue Oct 06 13:12:31 UTC 2026","Tue Oct 06 13:12:48 UTC 2026","17770","tests","test_tc20_search_and_verify_cart_after_login","","","","TC20 - Search Products and Verify Cart After Login",""
"passed","Tue Oct 06 13:12:41 UTC 2026","Tue Oct 06 13:12:56 UTC 2026","15660","tests","test_tc23_verify_address_details_checkout","","","","TC23 - Verify address details in checkout page",""
"passed","Tue Oct 06 13:12:49 UTC 2026","Tue Oct 06 13:12:58 UTC 2026","9058","tests","test_tc22_add_to_cart_from_recommended","","","","TC22 - Add to cart from Recommended items",""
"passed","Tue Oct 06 13:12:57 UTC 2026","Tue Oct 06 13:13:09 UTC 2026","11871","tests","test_tc19_view_brand_products","","","","TC19 - View & Cart Brand Products",""
"passed","Tue Oct 06 13:11:48 UTC 2026","Tue Oct 06 13:11:53 UTC 2026","5447","tests","test_tc09_search_product","","","","TC09 - Search Product",""
"passed","Tue Oct 06 13:12:05 UTC 2026","Tue Oct 06 13:12:23 UTC 2026","18172","tests","test_tc14_place_order_register_while_checkout","","","","TC14 - Place Order: Register while Checkout",""
"passed","Tue Oct 06 13:12:29 UTC 2026","Tue Oct 06 13:12:35 UTC 2026","5299","tests","test_tc21_add_review_on_product","","","","TC21 - Add review on product",""
"passed","Tue Oct 06 13:11:40 UTC 2026","Tue Oct 06 13:11:55 UTC 2026","15395","tests","test_tc02_login_correct_credentials","","","","TC02 - Login User with correct email and password",""
"passed","Tue Oct 06 13:11:27 UTC 2026","Tue Oct 06 13:11:34 UTC 2026","6492","tests","test_tc03_login_incorrect_credentials","","","","TC03 - Login User with incorrect email and password",""
"passed","Tue Oct 06 13:12:58 UTC 2026","Tue Oct 06 13:13:06 UTC 2026","7427","tests","test_tc09_search_product","","","","TC09 - Search Product",""
"passed","Tue Oct 06 13:11:58 UTC 2026","Tue Oct 06 13:12:04 UTC 2026","6035","tests","test_tc13_product_quantity_in_cart","","","","TC13 - Verify Product quantity in Cart",""
"passed","Tue Oct 06 13:12:49 UTC 2026","Tue Oct 06 13:12:55 UTC 2026","6130","tests","test_tc26_scroll_up_without_arrow_button","","","","TC26 - Verify Scroll Up without 'Arrow' button and Scroll Down functionality",""
"passed","Tue Oct 06 13:13:01 UTC 2026","Tue Oct 06 13:13:05 UTC 2026","4014","tests","test_tc09_search_product","","","","TC09 - Search Product",""
"passed","Tue Oct 06 13:12:21 UTC 2026","Tue Oct 06 13:12:29 UTC 2026","7898","tests","test_tc17_remove_products_from_cart","","","","TC17 - Remove Products From Cart",""
"passed","Tue Oct 06 13:11:33 UTC 2026","Tue Oct 06 13:11:40 UTC 2026","7378","tests","test_tc08_all_products_and_detail","","","","TC08 - Verify All Products and product detail page",""
"passed","Tue Oct 06 13:11:41 UTC 2026","Tue Oct 06 13:11:47 UTC 2026","6393","tests","test_tc08_all_products_and_detail","","","","TC08 - Verify All Products and product detail page",""
"passed","Tue Oct 06 13:11:35 UTC 2026","Tue Oct 06 13:11:55 UTC 2026","20067","tests","test_tc01_register_user","","","","TC01 - Register User",""
"passed","Tue Oct 06 13:12:41 UTC 2026","Tue Oct 06 13:12:51 UTC 2026","10018","tests","test_tc10_subscription_home_page","","","","TC10 - Verify Subscription in home page",""
"passed","Tue Oct 06 13:12:23 UTC 2026","Tue Oct 06 13:12:30 UTC 2026","7082","tests","test_tc17_remove_products_from_cart","","","","TC17 - Remove Products From Cart",""
"passed","Tue Oct 06 13:11:56 UTC 2026","Tue Oct 06 13:12:19 UTC 2026","22978","tests","test_tc02_login_correct_credentials","","","","TC02 - Login User with correct email and password",""
"passed","Tue Oct 06 13:13:05 UTC 2026","Tue Oct 06 13:13:08 UTC 2026","3410","tests","test_tc09_search_product","","","","TC09 - Search Product",""
"passed","Tue Oct 06 13:13:40 UTC 2026","Tue Oct 06 13:13:48 UTC 2026","8610","tests","test_tc09_search_product","","","","TC09 - Search Product",""
"passed","Tue Oct 06 13:12:19 UTC 2026","Tue Oct 06 13:12:26 UTC 2026","7242","tests","test_tc11_subscription_cart_page","","","","TC11 - Verify Subscription in Cart page",""
"passed","Tue Oct 06 13:11:57 UTC 2026","Tue Oct 06 13:12:02 UTC 2026","5049","tests","test_tc13_product_quantity_in_cart","","","","TC13 - Verify Product quantity in Cart",""
"passed","Tue Oct 06 13:12:18 UTC 2026","Tue Oct 06 13:12:41 UTC 2026","22398","tests","test_tc16_place_order_login_before_checkout","","","","TC16 - Place Order: Login before Checkout",""
"passed","Tue Oct 06 13:11:58 UTC 2026","Tue Oct 06 13:12:12 UTC 2026","13240","tests","test_tc09_search_product","","","","TC09 - Search Product",""
"passed","Tue Oct 06 13:12:27 UTC 2026","Tue Oct 06 13:12:39 UTC 2026","12310","tests","test_tc17_remove_products_from_cart","","","","TC17 - Remove Products From Cart",""
"passed","Tue Oct 06 13:11:35 UTC 2026","Tue Oct 06 13:11:52 UTC 2026","16392","tests","test_tc05_register_existing_email","","","","TC05 - Register User with existing email",""
"passed","Tue Oct 06 13:11:35 UTC 2026","Tue Oct 06 13:11:44 UTC 2026","8456","tests","test_tc03_login_incorrect_credentials","","","","TC03 - Login User with incorrect email and password",""
"passed","Tue Oct 06 13:12:50 UTC 2026","Tue Oct 06 13:12:56 UTC 2026","6637","tests","test_tc25_scroll_up_with_arrow_button","","","","TC25 - Verify Scroll Up using 'Arrow' button and Scroll Down functionality",""
"passed","Tue Oct 06 13:12:35 UTC 2026","Tue Oct 06 13:12:40 UTC 2026","5821","tests","test_tc21_add_review_on_product","","","","TC21 - Add review on product",""
"passed","Tue Oct 06 13:12:44 UTC 2026","Tue Oct 06 13:12:49 UTC 2026","5165","tests","test_tc10_subscription_home_page","","","","TC10 - Verify Subscription in home page",""
"passed","Tue Oct 06 13:12:30 UTC 2026","Tue Oct 06 13:13:04 UTC 2026","34686","tests","test_tc16_place_order_login_before_checkout","","","","TC16 - Place Order: Login before Checkout",""
"passed","Tue Oct 06 13:11:43 UTC 2026","Tue Oct 06 13:11:58 UTC 2026","14655","tests","test_tc08_all_products_and_detail","","","","TC08 - Verify All Products and product detail page",""
"passed","Tue Oct 06 13:11:52 UTC 2026","Tue Oct 06 13:11:57 UTC 2026","4652","tests","test_tc06_contact_us_form","","","","TC06 - Contact Us Form",""
"passed","Tue Oct 06 13:12:49 UTC 2026","Tue Oct 06 13:13:01 UTC 2026","11678","tests","test_tc23_verify_address_details_checkout","","","","TC23 - Verify address details in checkout page",""
"passed","Tue Oct 06 13:12:03 UTC 2026","Tue Oct 06 13:12:22 UTC 2026","19849","tests","test_tc15_place_order_register_before_checkout","","","","TC15 - Place Order: Register before Checkout",""
"passed","Tue Oct 06 13:11:36 UTC 2026","Tue Oct 06 13:11:41 UTC 2026","4684","tests","test_tc07_test_cases_page","","","","TC07 - Verify Test Cases Page",""
"passed","Tue Oct 06 13:11:27 UTC 2026","Tue Oct 06 13:11:33 UTC 2026","5337","tests","test_tc07_test_cases_page","","","","TC07 - Verify Test Cases Page",""
"passed","Tue Oct 06 13:13:30 UTC 2026","Tue Oct 06 13:13:41 UTC 2026","11222","tests","test_tc09_search_product","","","","TC09 - Search Product",""
"passed","Tue Oct 06 13:13:25 UTC 2026","Tue Oct 06 13:13:37 UTC 2026","12376","tests","test_tc25_scroll_up_with_arrow_button","","","","TC25 - Verify Scroll Up using 'Arrow' button and Scroll Down functionality",""
